Series Name,Series Code,Country Name,Country Code,1990 [YR1990],1991 [YR1991],1995 [YR1995],1996 [YR1996],1997 [YR1997],1998 [YR1998],1999 [YR1999],2000 [YR2000],2001 [YR2001],2002 [YR2002],2003 [YR2003],2004 [YR2004],2005 [YR2005],2006 [YR2006],2007 [YR2007],2011 [YR2011],2012 [YR2012],2013 [YR2013],2014 [YR2014],2015 [YR2015],2016 [YR2016],2017 [YR2017],2018 [YR2018],2019 [YR2019],2020 [YR2020],2021 [YR2021],2022 [YR2022],2023 [YR2023]
Real interest rate (%),FR.INR.RINR,China,CHN,3.45164466688345,1.80431185515672,-1.41264818766741,3.35497047299623,6.91169889407248,7.356478445987,7.20405034053389,3.71066408193725,3.72666388978298,4.67972434460637,2.63814663556679,-1.28281170502224,1.61327750285798,2.11057772658151,-0.259570586367363,-1.40242874659116,3.58520352938242,3.75538705540398,4.52230843210213,4.35307225217325,2.90181538908108,0.112553973046852,0.821501871986205,3.02438482052273,3.83860120447208,-0.193517050835666,2.51931098031913,4.91187623545216
Real interest rate (%),FR.INR.RINR,United States,USA,6.03974985349163,4.91529596120366,6.59421797111052,6.32428598750851,6.60334742359249,7.14994526467848,6.48726735143027,6.8137924585142,4.56713894364996,3.0732472423635,2.10659449044537,1.60768046080895,2.96087521313044,4.72786366990758,5.19986376311978,1.16289865228358,1.36246374976571,1.52221338861923,1.48256139059228,2.31051464059837,2.53723229857104,2.26529638013973,2.55474987510739,3.54449745673519,2.19456642346184,-1.27623331138459,..,..
Real interest rate (%),FR.INR.RINR,Australia,AUS,9.67270856641165,10.0928694000248,8.02284437211133,6.83251279377306,5.81974300561342,5.48543427915609,6.06244473002337,5.03742396513488,2.11309686499572,3.42491500912025,3.521734658531,3.69820160551374,3.30633987264258,2.37559056746734,3.05741147567609,1.44573545489461,5.07816669856092,6.35335379636719,4.48213765898823,6.2367714233312,6.11671694146131,1.53810731236317,3.31965291300746,1.58246506184137,..,..,..,..
Real interest rate (%),FR.INR.RINR,Canada,CAN,10.362805758869,6.6766405650628,6.24124783353636,4.31493790328593,3.77105927005848,6.79236177988972,4.42844742268115,2.77523979052002,4.17315132043514,2.91416358745355,1.39251007770278,0.715785247409594,1.26073559091866,3.16108205805931,2.71404280098465,-0.236773175941093,1.76011033894486,1.23771669066581,1.03863897338225,3.67453345002429,1.96890523916422,0.12575223729819,..,..,..,..,..,..
Real interest rate (%),FR.INR.RINR,Switzerland,CHE,..,..,..,..,..,..,..,..,..,..,..,..,..,..,..,2.73934652630259,2.62294172480656,2.77842216227006,3.36510208636232,3.99644754248307,3.24890887051055,3.00636739533907,1.84900465333685,2.73966471699439,3.35750961859024,1.37651137331578,0.145920367675993,1.82218673744216
Real interest rate (%),FR.INR.RINR,United Kingdom,GBR,6.37884867610088,4.95766034722133,-4.30116693107029,1.74889997536321,6.72038358318544,5.88489244059294,3.91747726808178,4.7654919175068,3.56338501922107,1.83824075881401,1.27256587456193,1.7147911062797,1.66448865616839,1.80122747507828,3.18446244759444,-1.65299755101744,-1.0230607320537,-1.58353943217226,-0.807141873842772,..,..,..,..,..,..,..,..,..
Real interest rate (%),FR.INR.RINR,"Hong Kong SAR, China",HKG,2.26381573914035,0.253089214125104,4.56717995319427,2.49071318205831,2.96483442844217,8.57134298420977,13.1335964561774,13.110032311831,8.77333686483038,8.80560129911972,11.7112756731574,8.93246723712895,6.36792278763779,8.49696456396464,4.29043899401711,1.06078622402983,1.40538131038811,3.13080668314919,2.09011225685257,1.30880431032397,3.30752241191273,2.06005792398755,1.33330374923762,2.99790777360805,4.33403058926107,4.28704391767746,3.35723222443726,2.52083573077384
Real interest rate (%),FR.INR.RINR,Japan,JPN,..,..,4.05049499696827,3.11725468088751,1.93461315379085,2.34822342550229,3.4446343617507,3.44952133352934,3.08779538469946,3.30182293293883,3.4858288403494,2.92424060900672,2.90562805999877,2.54882304592612,2.6068783891303,3.17448968701361,2.18007652818581,1.66402193295927,-0.459381591769,-0.948441229804994,0.62219276043703,1.06914440729003,..,..,..,..,..,..
Real interest rate (%),FR.INR.RINR,"Korea, Rep.",KOR,..,..,..,6.67974273645569,7.57031938586033,10.3404144822328,10.7579740962821,7.44714269653078,4.08764547324672,3.62604404098715,2.69373937175125,2.69208129866867,4.50501653231774,6.22458862113753,4.03485956347149,4.41899075105516,4.09279126823994,3.58824171458632,3.32627074144665,0.337001849362955,1.35455942282986,1.22662019971689,3.16426921092061,4.32142949289067,1.21885992613016,0.117975152059719,2.97897986524902,3.06189296952557
Real interest rate (%),FR.INR.RINR,Mexico,MEX,..,..,14.8566758536659,7.6474396545621,3.74260655837951,9.19688961880311,7.30444482115276,5.62825958790198,5.93764642324821,2.56725076251463,2.63026613975842,-0.628122362579351,3.59826026000135,1.3238319710294,1.35029773940963,-0.718087414556668,0.13259561761418,2.52394547437684,-0.782518932664157,0.207059192646062,-1.24759733279354,0.717765161995541,2.69522693587484,3.99937559873551,1.45269799098275,0.697497472889784,1.63189542059693,6.79845919139278
Real interest rate (%),FR.INR.RINR,Norway,NOR,..,..,..,..,..,..,..,..,..,..,..,..,..,..,..,..,..,1.75202763134047,3.94314737277321,6.48637648241762,4.74390944581817,-1.03296137737101,-3.57599603018969,3.80517087143277,5.34941941734859,-14.9228767781215,-19.4429902739663,17.8110689027763
Real interest rate (%),FR.INR.RINR,New Zealand,NZL,..,..,..,..,..,7.85941675756916,6.42793914145665,4.79199463521137,3.5953649288665,6.85735838344097,4.82848514104953,4.22681991104853,5.64929073125856,5.33767953021314,3.12959107668266,3.55340930643183,6.02490493287587,1.31723433282234,5.29757011781446,4.25698894037999,2.54895980164814,1.10316666204087,-1.72292209083665,..,..,..,..,..
Real interest rate (%),FR.INR.RINR,Sweden,SWE,..,..,7.05954183142293,7.64133583661881,5.45132115889976,5.59654267259592,4.43729448729047,4.20343542764314,3.1678038966523,4.18016669564915,3.26180211941042,3.83670104761936,2.82621826614644,1.88744934931714,..,..,..,..,..,..,..,..,..,..,..,..,..,..
Real interest rate (%),FR.INR.RINR,Singapore,SGP,2.54550361450616,3.01429378749089,3.09459539508003,4.68323720072943,5.18129117579026,8.88863167475906,9.72580242623378,1.89658180389967,7.60067410678851,6.29924790489969,7.23589278336476,1.28941695213109,3.33607855433956,3.40551309237873,-0.554042740231563,4.16049084438408,4.86057756338297,5.83621695317835,5.63232355514565,2.21015017142368,4.83669122346199,2.31884960646253,1.66586028737781,5.46558710120685,7.88077029037357,-4.54706641979064,..,..
"Official exchange rate (LCU per US$, period average)",PA.NUS.FCRF,China,CHN,4.78320833333333,5.32339166666667,8.35141666666667,8.314175,8.28981666666667,8.27895833333333,8.27825,8.27850416666667,8.27706833333333,8.2769575,8.27703666666667,8.27680083333333,8.19431666666667,7.97343833333333,7.6075325,6.46146132655007,6.31233282683186,6.19575834608231,6.14343409448867,6.22748867298455,6.6444778294468,6.75875508633597,6.61595717735439,6.90838500992901,6.90076726944925,6.44897518024316,6.73715811237119,7.08399842343631
"Official exchange rate (LCU per US$, period average)",PA.NUS.FCRF,United States,USA,1,1,1,1,1,1,1,1,1,1,1,1,1,1,1,1,1,1,1,1,1,1,1,1,1,1,1,1
"Official exchange rate (LCU per US$, period average)",PA.NUS.FCRF,Australia,AUS,1.28105666666667,1.28375583333333,1.3490325,1.27786333333333,1.34738,1.59182833333333,1.54995,1.72482666666667,1.9334425,1.8405625,1.54191416666667,1.3597525,1.30947333333333,1.3279734405,1.1950725,0.969463201496735,0.965801030658708,1.03584309652054,1.10936329281692,1.33109026245502,1.34521397601947,1.30475807671592,1.33841214646451,1.43850654421382,1.45308511847016,1.33122425957081,1.44166445896522,1.50519106560508
"Official exchange rate (LCU per US$, period average)",PA.NUS.FCRF,Canada,CAN,1.16677362666667,1.14572584416667,1.37244541833333,1.36352163583333,1.38459802833333,1.48350530166667,1.48570481916667,1.485394095,1.548839955,1.57034283416667,1.4010145475,1.301281595,1.21140513416667,1.13434472583333,1.07404562166667,0.989258158636364,0.999364743593074,1.03013736373016,1.10474713237886,1.27878620362554,1.3256151637482,1.29793584646039,1.29581792813534,1.32679336266012,1.34115267222386,1.2538769021268,1.30155477474355,1.3499086407939
"Official exchange rate (LCU per US$, period average)",PA.NUS.FCRF,Switzerland,CHE,1.38915833333333,1.43399166666667,1.18246916666667,1.23601,1.4513125,1.44981330833333,1.502155,1.6888425,1.687615,1.5586075,1.34665083333333,1.24349583333333,1.24517666666667,1.25384333333333,1.20036583333333,0.888042028223281,0.937684480709349,0.926903547758285,0.916151047283613,0.962381328004354,0.985394394244834,0.984691666666667,0.977891666666667,0.993709166666667,0.938965,0.913845833333333,0.9548325,0.89849
"Official exchange rate (LCU per US$, period average)",PA.NUS.FCRF,United Kingdom,GBR,0.563177166666667,0.567015333333333,0.63366812,0.640958255,0.610836114166667,0.603823594166667,0.618056845,0.660930833333333,0.694655,0.667223333333333,0.6124725,0.54618,0.549998333333333,0.543486666666667,0.499771666666667,0.624140835740495,0.633046988857327,0.639660577613477,0.607729626878255,0.654545478931426,0.740634463697084,0.776976682344123,0.749531540259847,0.783445110011929,0.779999576697153,0.727064944688322,0.811301715827773,0.804538906734353
"Official exchange rate (LCU per US$, period average)",PA.NUS.FCRF,"Hong Kong SAR, China",HKG,7.78975,7.77116666666667,7.73583333333333,7.73425416666667,7.74208333333333,7.74533333333333,7.7575,7.79116666666667,7.79875,7.79891666666667,7.78675,7.788,7.77733333333333,7.76783333333333,7.80141666666667,7.784,7.75641666666667,7.756,7.75408333333333,7.75175,7.76225,7.79325,7.8385,7.83591666666667,7.75725,7.77325,7.83141666666667,7.82958333333333
"Official exchange rate (LCU per US$, period average)",PA.NUS.FCRF,Japan,JPN,144.7925,134.706666666667,94.0595791666667,108.779056666667,120.9908625,130.905300666667,113.906805,107.765498333333,121.5289475,125.388019166667,115.933464166667,108.192569166667,110.218211666667,116.299311666667,117.753529166667,79.8070198321892,79.7904554170065,97.5956582776385,105.944781034025,121.044025684011,108.792900046834,112.166141081871,110.42317934106,109.009665900863,106.774582262437,109.754323839417,131.498140443764,140.49110006234
"Official exchange rate (LCU per US$, period average)",PA.NUS.FCRF,"Korea, Rep.",KOR,707.765833333333,733.329166666667,771.254166666667,804.4575,949.89,1403.18333333333,1189.43916666667,1130.3625,1290.79,1251.6025,1191.64583333333,1146.24916666667,1024.32833333333,955.340833333333,929.375833333333,1108.23333333333,1126.80666666667,1094.9825,1052.84,1130.9525,1160.7675,1131.00083333333,1100.16333333333,1165.3575,1180.26583333333,1143.95166666667,1291.44666666667,1305.6625
"Official exchange rate (LCU per US$, period average)",PA.NUS.FCRF,Mexico,MEX,2.81259916666667,3.01843,6.419425,7.59944841666667,7.91846,9.13604175,9.5603975,9.45555833333333,9.34234166666667,9.65595833333333,10.7890191666667,11.2859666666667,10.8978916666667,10.8992416666667,10.9281916666667,12.423325,13.1694583333333,12.7719916666667,13.29245,15.8482666666667,18.6640583333333,18.9265166666667,19.2443416666667,19.2636333333333,21.4856083333333,20.2724083333333,20.12735,17.7587166666667
"Official exchange rate (LCU per US$, period average)",PA.NUS.FCRF,Norway,NOR,6.25974166666667,6.4829425,6.33515666666667,6.44980833333333,7.07340083333333,7.5450975,7.79917166666667,8.80184166666667,8.99165416666667,7.98377883333333,7.08021666666667,6.74083333333333,6.4425,6.41333333333333,5.86166666666667,5.60460730676329,5.8175,5.875,6.30166666666667,8.06416666666667,8.4,8.27166666666667,8.1325,8.8,9.41583333333333,8.59,9.61416666666667,10.5633333333333
"Official exchange rate (LCU per US$, period average)",PA.NUS.FCRF,New Zealand,NZL,1.67620333333333,1.73351416666667,1.52387666666667,1.4548475,1.51242083333333,1.86824916666667,1.88961389919167,2.20114916666667,2.37875083333333,2.16219083333333,1.72209914639778,1.50868127077323,1.42027345661433,1.54205575669681,1.36067522852426,1.26581069673447,1.23428365501329,1.21940797394829,1.20543333333333,1.433975,1.436525,1.40740833333333,1.44525833333333,1.517875,1.54205833333333,1.4138,1.57718333333333,1.62843333333333
"Official exchange rate (LCU per US$, period average)",PA.NUS.FCRF,Sweden,SWE,5.91879,6.04746666666667,7.13326833333333,6.70595583333333,7.63489416666667,7.94986816666667,8.26242833333333,9.16224416666667,10.3291358333333,9.73712333333333,8.08630416666667,7.34888666666667,7.47308833333333,7.37824916666667,6.75877,6.49354333333333,6.77501583333333,6.51397166666667,6.860785,8.43484083333333,8.56199166666667,8.54886083333333,8.69251833333333,9.45834916666666,9.21030902842085,8.57656671607378,10.114251277564,10.6101612965536
"Official exchange rate (LCU per US$, period average)",PA.NUS.FCRF,Singapore,SGP,1.81253333333333,1.72755,1.417375,1.41004083333333,1.48480583333333,1.67360166666667,1.69495666666667,1.72396333333333,1.7917225,1.79058833333333,1.74218333333333,1.69022833333333,1.6643975,1.58893333333333,1.50710166666667,1.25777587719298,1.2496762037037,1.2513,1.26705,1.374825,1.38154636363636,1.380925,1.34884166666667,1.36415833333333,1.37974166666667,1.34348333333333,1.37866666666667,1.34276666666667
"Inflation, consumer prices (annual %)",FP.CPI.TOTL.ZG,China,CHN,3.05229012075233,3.55668565220452,16.7912251650916,8.31316028893909,2.78646505531882,-0.773186011549318,-1.40147268276465,0.347811226864587,0.719125609120114,-0.731970902350244,1.12760348729637,3.82463743108159,1.77641407667571,1.6494309945586,4.81676767378834,5.55389892257493,2.61952432645541,2.62105001748115,1.92164162788521,1.43702380935655,2.00000182191943,1.59313600071436,2.07479039965576,2.89923416358227,2.41942189457782,0.981015135544882,1.97357555739051,0.234836828893051
"Inflation, consumer prices (annual %)",FP.CPI.TOTL.ZG,United States,USA,5.39795643990325,4.23496396453849,2.80541968853662,2.93120419993441,2.33768993730735,1.55227909874364,2.18802719697358,3.37685727149929,2.82617111885407,1.58603162650601,2.27009497336115,2.67723669309172,3.3927468454955,3.22594410070404,2.85267248150138,3.156841568622,2.06933726526067,1.46483265562717,1.62222297740817,0.118627135552451,1.26158320570536,2.13011000365961,2.44258329692817,1.81221007526021,1.23358439630629,4.69785886363742,8.00279982052121,4.11633838374488
"Inflation, consumer prices (annual %)",FP.CPI.TOTL.ZG,Australia,AUS,7.33302195235872,3.17667536988685,4.62776659959759,2.61538461538461,0.224887556221887,0.860134629768142,1.48312940304041,4.45743514797224,4.40713536201469,2.98157453936348,2.73259596616786,2.34325522482583,2.69183168316832,3.55528773727026,2.32761128891476,3.3038501560874,1.76278015613196,2.4498886414254,2.48792270531404,1.50836672165921,1.27699094497324,1.94864740944527,1.91140094445691,1.61076787290379,0.846905537459305,2.86391042204994,6.59409671341846,5.5970149253731
"Inflation, consumer prices (annual %)",FP.CPI.TOTL.ZG,Canada,CAN,4.78047693336304,5.62586408593005,2.14876033057849,1.57053112507138,1.62121638084531,0.99594245665802,1.73484295105918,2.71943995691976,2.52512013979906,2.25839440940855,2.75856321360112,1.85725871857256,2.21355203439767,2.00202539534161,2.13838399266837,2.91213508872351,1.51567823124517,0.938291897815317,1.90663590717861,1.12524136094277,1.42875954701085,1.59688412852977,2.26822567248103,1.94926902411593,0.716999632307827,3.39519318527528,6.80280115341613,3.87900159788426
"Inflation, consumer prices (annual %)",FP.CPI.TOTL.ZG,Switzerland,CHE,5.4039590921894,5.8595966346867,1.79982776867144,0.811634064628211,0.520225422736652,0.0179384378439098,0.806444380959449,1.5585291967901,0.989020329832546,0.642711506543278,0.638272930887201,0.802908730955227,1.17195420333703,1.05950928324802,0.732350603122248,0.2313492076509,-0.692552018105253,-0.217323155115693,-0.0132025387514939,-1.14390867228183,-0.434618664285835,0.533787839825897,0.936335464113563,0.362886179940614,-0.725874933313384,0.581814168489856,2.83502798644463,2.13540088016377
"Inflation, consumer prices (annual %)",FP.CPI.TOTL.ZG,United Kingdom,GBR,8.06346090938833,7.46178295746934,2.69749518304432,2.85178236397749,2.20114313510882,1.82056163731557,1.7529508005142,1.18295624210408,1.53234960272418,1.52040245947455,1.37650038542013,1.39039756680422,2.0891364902507,2.4556616643929,2.38656150773327,3.8561124468282,2.5732347965453,2.29166666666659,1.45112016293279,0.36804684232536,1.0084173681141,2.55775577557747,2.29283990345938,1.73810460086513,0.989486703772491,2.51837109614213,7.92204883147902,6.79396706793963
"Inflation, consumer prices (annual %)",FP.CPI.TOTL.ZG,"Hong Kong SAR, China",HKG,10.4265402843602,11.1587982832617,9.07738095238091,6.27557980900412,5.77663671373521,2.91262135922399,-4.00943396226445,-3.68550368550369,-1.65816326530609,-2.98313878080415,-2.67379679144394,-0.274725274725253,0.826446280991827,2.00025160397534,2.03502713369511,5.3052489299392,4.05390950903844,4.33799342105267,4.42364532019699,2.99084819322581,2.40930743862224,1.49387243939522,2.40613432046534,2.88320853773996,0.2509620210808,1.56875834445922,1.88136707196853,2.09660511249089
"Inflation, consumer prices (annual %)",FP.CPI.TOTL.ZG,Japan,JPN,3.0785162869516,3.25143848753308,-0.127899045020446,0.136600358575909,1.74780458692133,0.661974191385911,-0.341296928327554,-0.676578683595175,-0.740055504162738,-0.923494026942321,-0.256541816316025,-0.00857338820310272,-0.282946068764391,0.249355116079085,0.060039454498669,-0.27245561610124,-0.0440645104432602,0.335037912184741,2.75922671353253,0.795279630579839,-0.127258844489754,0.484199796126385,0.989094598021848,0.46877615938395,-0.024995834027731,-0.233352779398264,2.49770278172255,3.26813365933163
"Inflation, consumer prices (annual %)",FP.CPI.TOTL.ZG,"Korea, Rep.",KOR,8.57327225728677,9.33279048161495,4.48074108557248,4.92454354292754,4.4389318457463,7.51358008079307,0.81295725444637,2.25916580080157,4.06657587897792,2.76226210296599,3.51487451459939,3.59066298882578,2.75379162735039,2.24234028518921,2.53457382137932,4.0259650043609,2.18707104433314,1.30134754547413,1.27477446401322,0.70633177245575,0.971685739912168,1.94433230786366,1.47583935002645,0.383000303608136,0.537288023411737,2.49833333333339,5.08951365062842,3.5974562502901
"Inflation, consumer prices (annual %)",FP.CPI.TOTL.ZG,Mexico,MEX,26.6516725646771,22.662359455061,34.9992712889592,34.3783832235168,20.6256287259247,15.9283950119353,16.5856169707538,9.49156149435403,6.36773806235037,5.03072733151295,4.54690012118718,4.68840884843143,3.98805714597437,3.62946762439132,3.96684905458235,3.40737824605742,4.11150981070289,3.80639069747204,4.01861608078679,2.72064064964023,2.8217078474766,6.04145724018986,4.89935015356551,3.63596142127046,3.39683415570006,5.68920847683753,7.8962761916855,5.52796087314389
"Inflation, consumer prices (annual %)",FP.CPI.TOTL.ZG,Norway,NOR,4.1310334831135,3.43819599109134,2.46036778693724,1.26253249164502,2.56692335900259,2.25241329996423,2.36596736596734,3.08550609131276,3.00419703998237,1.28672528415184,2.48782553461783,0.45449850222084,1.53213367609254,2.32934980757544,0.712589073634201,1.28495158809152,0.696864111498362,2.12048620353112,2.04170286707211,2.17113665389527,3.54999999999998,1.87510059552554,2.76483134528788,2.16773003305402,1.28658490708005,3.48388055266678,5.76412317852272,5.51784987104659
"Inflation, consumer prices (annual %)",FP.CPI.TOTL.ZG,New Zealand,NZL,6.09844414810204,2.60239285999773,3.75494413677554,2.28571305402195,1.18714833105632,1.26524409915406,-0.114267129777524,2.6152344624632,2.62581630392903,2.67709257711605,1.75357444759557,2.29024902847571,3.03702332617012,3.36540196171993,2.37614310290659,4.0279066739204,1.05991318445632,1.13442266445817,1.227507505974,0.292704628136101,0.646240284454524,1.85078767452536,1.59829703801696,1.61963190184048,1.71456170007245,3.94112060778728,7.17222476016441,5.73316283034957
"Inflation, consumer prices (annual %)",FP.CPI.TOTL.ZG,Sweden,SWE,10.3665533879493,9.4446273294419,2.45514857818395,0.533131978766297,0.658410256243514,-0.267132668355006,0.462175756339173,0.899143734041633,2.40595834145438,2.15848213589264,1.92565534892391,0.373659828721813,0.453170852576182,1.3602146862768,2.21216883436735,2.9611507382214,0.888377506923638,-0.0442929701485858,-0.179638494114635,-0.0467847449832812,0.984269244577992,1.79449904665589,1.95353530127028,1.78415097403835,0.497367318853572,2.16319736447153,8.36929098869189,8.54862489748902
"Inflation, consumer prices (annual %)",FP.CPI.TOTL.ZG,Singapore,SGP,3.46075338652822,3.42570173078644,1.72053384788522,1.38318052481877,2.00358618538962,-0.267502292876138,0.0167098337370801,1.36162392448454,0.997197956155961,-0.391676866585059,0.507905300237541,1.66272719863071,0.425106276569129,0.962901778165114,2.10488003633211,5.2477933984048,4.57560270376527,2.35860415399832,1.02514803039391,-0.522618167075298,-0.532268739716253,0.576260310166349,0.43862011844684,0.565260568780326,-0.181916666666634,2.30485959040484,6.12106004039418,4.82146729476466
"GDP per capita, PPP (constant 2021 international $)",NY.GDP.PCAP.PP.KD,China,CHN,1645.57894422679,1773.63941146097,2763.79976168459,3006.36270788632,3250.61457325231,3472.17856130428,3705.97720676034,3989.06189555851,4290.30208092921,4650.89682139111,5085.97783096768,5567.19061247801,6165.18344017524,6910.75785854773,7853.09639538115,11187.1660995211,11985.3171249131,12830.3699705085,13696.5174948492,14575.9347897624,15485.2130054608,16461.069929896,17490.1667301804,18465.298945245,18833.7847033116,20406.7296584605,21019.4572309305,22135.432455881
"GDP per capita, PPP (constant 2021 international $)",NY.GDP.PCAP.PP.KD,United States,USA,44395.1314543953,43758.395353687,47238.6290898533,48453.8258145334,50002.9748720618,51639.1871337683,53494.0566028874,55059.2191687802,55037.8936729664,55456.8624028822,56519.3507123652,58153.3878283911,59627.0590559421,60699.2720850035,61329.5392265213,60317.5425206572,61247.3170720931,62112.583447369,63214.8953462352,64599.5737360527,65299.9993837591,66482.8934392041,68095.6868059923,69458.6101827166,67266.187874108,71055.87619383,72165.4834696586,73637.3027885905
"GDP per capita, PPP (constant 2021 international $)",NY.GDP.PCAP.PP.KD,Australia,AUS,35754.1141170955,35166.4698345273,38102.4330016468,39097.2104894606,40189.9261064134,41646.8987332921,43264.8525665447,44449.852777819,44771.4613117813,46026.6413897605,46906.5504946725,48368.1086259664,49290.0363305889,49969.2431898083,50917.0140186351,52452.3787571427,53564.3304077806,54022.4668771925,54610.3938064056,55015.2964787314,55667.9241534879,56028.3713006226,56800.6357529854,57188.2949487875,56298.1955662662,57406.1787604549,59099.8479392399,59456.3884188866
"GDP per capita, PPP (constant 2021 international $)",NY.GDP.PCAP.PP.KD,Canada,CAN,39863.0660385958,38547.4652657194,40988.3989180628,41247.253308077,42587.366207601,43879.5681195652,45761.9298921855,47667.4330856329,48036.6266178082,48943.5412414992,49381.5950355437,50436.294842704,51564.8455651212,52391.3792619498,52948.8994271698,52869.3878559359,53217.7135831819,53884.8455875649,54880.8582018562,54819.1890353874,54765.3037720868,55756.2624817832,56470.4592673931,56713.0888767094,53274.9109302286,55781.6990272912,56872.6053482353,55817.8974279144
"GDP per capita, PPP (constant 2021 international $)",NY.GDP.PCAP.PP.KD,Switzerland,CHE,64588.9540954169,63202.5587059156,62008.7272250639,62026.4249119554,63276.4330085687,65000.263164185,65766.6201250798,67987.0046680939,68622.6489324221,68055.6334150035,67530.6977410514,68880.0502599963,70322.1137674308,72728.9237361536,74904.8436936429,75476.5490894835,75560.0235898239,76034.8130644133,76877.8061663728,77257.6823334422,77999.457811489,78328.089934291,79977.3072306586,80315.6830344552,78023.3462830438,81603.2073073193,83019.8400472927,82914.2887321232
"GDP per capita, PPP (constant 2021 international $)",NY.GDP.PCAP.PP.KD,United Kingdom,GBR,35551.8271474522,35051.0847103796,38010.0320960173,38892.3034366787,40702.7552189838,41969.9756924858,43112.8683410754,44814.386849721,45793.4004706286,46417.0943307165,47655.2221253637,48534.6528644697,49522.7417594758,50333.1544815525,51251.414664495,48894.882257416,49290.6921193107,49839.2263681782,51054.5929860184,51776.2489852598,52372.4780334819,53398.9895977911,53821.4902718369,54397.2905235188,48583.7606864189,52841.6345850474,54515.750238256,54126.1358941084
"GDP per capita, PPP (constant 2021 international $)",NY.GDP.PCAP.PP.KD,"Hong Kong SAR, China",HKG,31598.8063479054,33124.7251290941,37905.6938159475,37804.1601646806,39402.6741388966,36776.4390083118,37339.963569873,39848.6332465404,39777.8728488771,40258.1913798104,41570.5763689617,44836.2041344697,47938.8706566304,50981.7534244638,53813.040370318,58672.8532543961,59015.3615515208,60601.649259565,61839.8198967665,62779.794080864,63749.4451717062,65662.8596998122,66993.9662415822,65388.3448790463,61328.5560610894,65884.9376260603,64038.6607495148,64431.0890878089
"GDP per capita, PPP (constant 2021 international $)",NY.GDP.PCAP.PP.KD,Japan,JPN,35466.0843514147,36571.7376276601,37648.4771099061,38740.3361186783,39027.3655750384,38427.0294361961,38228.8456478412,39220.0779791191,39276.7555766593,39201.9757708351,39718.6938625784,40573.3302644675,41301.3536778333,41841.6279122437,42413.7796738934,41192.2768370627,41825.3142519696,42725.5502140447,42909.0056611568,43624.9274527151,43976.2664006851,44749.6382115169,45094.7333124842,44976.5080765088,43238.2966198129,44549.3383411434,45174.7319207138,46268.4172324007
"GDP per capita, PPP (constant 2021 international $)",NY.GDP.PCAP.PP.KD,"Korea, Rep.",KOR,13883.3754566665,15228.2578885125,19877.1924488437,21242.2833850717,22342.555018226,21044.04602043,23291.0136350384,25189.8576952747,26210.3004434109,28072.3674959242,28806.1903627243,30183.4967538133,31417.2909939505,32897.9651896361,34630.4908461154,38819.7754787041,39543.9970143698,40610.1628700051,41648.2477758578,42593.0088732759,43674.5070129375,44928.0513861779,46034.2906314164,46903.839068358,46506.9330421639,48571.4322096427,49933.976302795,50572.2499861828
"GDP per capita, PPP (constant 2021 international $)",NY.GDP.PCAP.PP.KD,Mexico,MEX,17640.9028664897,17983.3350350737,17434.555777597,18191.7362993579,19167.2135442821,20012.4918461903,20229.2345044025,20912.6099397325,20499.7822855995,20142.6816828829,20080.5713594812,20493.1303688602,20629.1863601669,21328.2593765965,21486.7456679494,20938.6524686801,21381.9285493769,21281.9525130063,21545.6529201176,21871.1527211862,22007.9967503775,22179.0010168218,22402.1769525804,22154.4630277626,20097.0517106926,21131.9157582539,21828.7656030591,22366.6578892324
"GDP per capita, PPP (constant 2021 international $)",NY.GDP.PCAP.PP.KD,Norway,NOR,57251.2817336314,58736.6124093388,66930.9377599461,69940.7843576216,73238.6863357773,74746.8194950092,75774.952132136,77783.390658134,78990.5325533212,79647.9776410343,79930.3834548923,82649.4122000811,84292.5969518394,85674.6331554661,87263.5920136454,83302.5378270502,84450.1476596222,84283.0349861878,85044.7535768254,85766.6127003775,86004.5359604999,87414.5864726953,87559.2839733416,87947.5474755932,86313.7493085381,89209.1397773603,91068.5989413096,90500.8481506133
"GDP per capita, PPP (constant 2021 international $)",NY.GDP.PCAP.PP.KD,New Zealand,NZL,30851.9430104281,29072.2124319833,32750.9607982427,33400.7303119256,33650.6545232753,33639.9303135397,35262.6126188877,36062.3446290314,37073.4871231046,38152.5071306402,39175.8879893775,40175.9383585824,41057.0677982683,41687.0101397886,42559.7405499152,41980.2267476165,42706.5792045881,43549.4573150649,44440.122762223,45170.4213321749,45822.7115762224,46400.0771189623,47171.2825415166,47523.2322864366,46289.3858621558,48194.0410599758,49474.2414927181,48777.5906936909
"GDP per capita, PPP (constant 2021 international $)",NY.GDP.PCAP.PP.KD,Sweden,SWE,39968.1559320162,39241.728633565,40058.1189596571,40626.1127377191,41849.5774803655,43629.8362041361,45447.4459866231,47537.2353505322,48096.98719634,48993.9353927898,49939.4352440767,51900.7098089822,53171.3681271201,55338.4814990765,56818.7873571786,57275.2050643082,56518.5982740778,56707.3618372557,57639.7692352002,59593.8590288814,60068.313332864,60786.2183207956,61255.838935642,61842.401361608,60064.627626835,63375.0446462412,64621.54536305,64190.6177777815
"GDP per capita, PPP (constant 2021 international $)",NY.GDP.PCAP.PP.KD,Singapore,SGP,45371.0069019267,47047.6390522595,59226.7595457818,61116.676641331,64013.5623444364,60519.7106418286,63471.1914729083,68019.5295652496,65500.313408,67451.7181466549,71567.1333309928,77702.0149214372,81487.7295599192,86090.4362678176,90027.3400989592,98867.9452829021,100750.847964939,103908.358532594,106604.492771282,108483.21006419,110927.693046369,115831.111509588,119343.145527918,119572.277084107,115304.149458638,131864.092335522,132468.930252646,127543.55475211
"GDP, PPP (constant 2021 international $)",NY.GDP.MKTP.PP.KD,China,CHN,1868036533802.09,2041068761921.05,3329977961864.49,3660396914986.99,3998499721193.33,4312220081533.43,4642607356110.92,5036769057117.47,5456620701629.82,5955008290109.18,6552773837418.75,7215496573067.44,8037672954625.27,9060141767713.25,10349477943026.9,15047129954669.4,16230396597386.1,17490873558596,18789704490483.8,20112749379001.5,21490223756848.4,22983192752169.8,24534506282427.8,25994432263673.9,26576353594843,28821648700423.3,29683152015089.3,31226675919835.9
"GDP, PPP (constant 2021 international $)",NY.GDP.MKTP.PP.KD,United States,USA,11082045899040.5,11070042614971.1,12578607676788,13053169951480.4,13633661119691.8,14244876327598.5,14926981554469.7,15535642028440.4,15684091045386.3,15950790751803.4,16396712009666.3,17027620052801.6,17620785700584.2,18111443463187.4,18474371125958.9,18793949863951.9,19224164686361.3,19631299832408.5,20126758467407,20719602292930.4,21096585402410,21615059790551.3,22256271635338.6,22805342216736.7,22300552960504.8,23594030999999.9,24050692501430.3,24662229531524
"GDP, PPP (constant 2021 international $)",NY.GDP.MKTP.PP.KD,Australia,AUS,610148533934.843,607818530612.885,686029810107.557,712537551520.376,740420495685.719,774948166519.225,813909828402.917,845827447438.269,862956530117.652,897299039488.073,925031745882.656,964108062907.191,994517373796.625,1021919293520.5,1060480321348.83,1171787400291.66,1217702830573.72,1249438582833.94,1282016457335.52,1310244025860.98,1346657576080.08,1377882651707.24,1417928924865.8,1448855501764.21,1444006380031.66,1474501352807.93,1537447025130.72,1583831618977.6
"GDP, PPP (constant 2021 international $)",NY.GDP.MKTP.PP.KD,Canada,CAN,1103853662777.87,1080771473590.39,1201054812489.14,1221340162353.38,1273615559261.47,1323195967810.77,1391221518564.28,1462709981458.8,1490137229000.17,1534830249556.88,1562555195029.98,1610875086776.22,1662591496177.59,1706449725477.16,1741430317085.65,1815493593719.7,1847367512609.86,1890333836978.6,1944651951661.22,1957291625275.61,1977619095748.98,2037616794116.45,2093507877645.54,2133461050343.05,2025972302247.91,2133084584492.55,2214565564520.83,2238172710587.03
"GDP, PPP (constant 2021 international $)",NY.GDP.MKTP.PP.KD,Switzerland,CHE,433748348417.9,429776008743.935,436584039660.053,438641573013.612,448560685613.041,462151936097.618,469836142273.989,488435638286.753,496131732874.668,495768479686.847,495607858252.274,508997741402.525,522993647131.466,544298465132.407,565615238597.41,597200496062.531,604243005804.543,615071910923.359,629525370586.463,639878719127.772,653115824072.338,662016483630.238,680953106295.906,688729470411.703,673978695091.761,710318871754.097,728562191493.429,733779183964.558
"GDP, PPP (constant 2021 international $)",NY.GDP.MKTP.PP.KD,United Kingdom,GBR,2035256282080.91,2012804929231.82,2205305192479.79,2262246669386.12,2373660703778.74,2454703886092.99,2529969430587.63,2639231904948.61,2707290861381.61,2755805124202.82,2842518531174.74,2911492145241.79,2991233326698.9,3062612390771.22,3142862979461.15,3093032066694.25,3139827685498.9,3196103514647.33,3298244030351.47,3371473567922.71,3436241713134.26,3527476324582.95,3576994758058.93,3635715097343.9,3259058619205.67,3541778829454.69,3695677224401.61,3699521388362.31
"GDP, PPP (constant 2021 international $)",NY.GDP.MKTP.PP.KD,"Hong Kong SAR, China",HKG,180255390811.626,190533418942.55,233351241700.354,243288672739.802,255695773289.541,240653983938.69,246686469324.366,265591140588.191,267080571669.216,271505268484.58,279803235424.208,304146390746.175,326617113557.754,349586981406.891,372187131113.23,414910949073.788,421965736629.529,435053179869.491,447070977943.674,457746312581.804,467704179446.74,485458654332.651,499279232812.016,490929154517.392,458798927893.01,488411631115.747,470434405732.011,485559130474.637
"GDP, PPP (constant 2021 international $)",NY.GDP.MKTP.PP.KD,Japan,JPN,4379281163543.99,4533578883275.26,4723829719934.14,4871868449276.63,4919672622292.62,4857176520735.19,4840956953231.78,4974792351105.4,4994000194816.65,4996095802114.07,5072792142740.79,5183689247918.63,5277197863477.79,5349619495092.01,5429006212038.04,5265732324912.24,5338123032664.63,5445157747028.93,5461286604529.39,5546516901265.65,5588328029133.45,5681951062992.72,5718508226089.43,5695510147252.54,5459310569514.2,5599031809810.88,5652487834657.27,5761188314580.8
"GDP, PPP (constant 2021 international $)",NY.GDP.MKTP.PP.KD,"Korea, Rep.",KOR,595170351447.089,659318145976.704,896322060200.978,967048174816.988,1026720389434.45,974055299256.771,1085749659627.18,1184127626613.68,1241586230493.65,1337500538238.29,1379595574894.41,1451298556151.67,1513828374352.76,1593521244061.43,1685938280114.59,1938529075321.33,1985102837153.81,2047925558084.06,2113509427828.96,2172880090240.7,2236912296310.75,2307590576700.3,2374681552210.47,2427968880490.2,2410744496330.6,2514520654062.95,2580216835950.54,2615223495508.23
"GDP, PPP (constant 2021 international $)",NY.GDP.MKTP.PP.KD,Mexico,MEX,1441622132555.96,1498939658592.78,1568579521320.53,1666118457126.64,1786060261414.92,1896529498335.6,1948779462427.06,2046789116005.03,2037561264432.18,2032740638948.71,2056839691255.13,2130175097106.17,2175190961121.63,2279709181051.8,2327078435933.79,2390157250791.67,2475084575406.17,2496174809669.94,2558673123522.7,2627816746721.79,2674394620876.4,2724452028087.63,2778180458694.7,2771197897865.69,2532194390753.47,2677522302353.94,2783257658048.15,2873121721056.37
"GDP, PPP (constant 2021 international $)",NY.GDP.MKTP.PP.KD,Norway,NOR,242829765688.591,250319700676.476,291764272988.153,306434076374.284,322627911782.854,331237839706.632,338101243992.755,349322640593.788,356543595303.086,361455186563.459,364870610565.983,379518662375.674,389709204854.067,399301792231.118,410937606121.834,412604800480.708,423819230890.593,428126043025.644,436894629506.982,445009247023.467,450192377571.42,461283975549.646,465107561486.537,470334337354.535,464322656561.548,482471574840.693,496972910134.792,499527938447.036
"GDP, PPP (constant 2021 international $)",NY.GDP.MKTP.PP.KD,New Zealand,NZL,102730799836.124,101610289671.025,120307379396.265,124651525524.106,127243219948.861,128336334146.154,135235645654.696,139117706875.414,143863666781.207,150645174405.333,157769136110.821,164219148040.706,169725812571.261,174443462630.96,179763832134.732,184041314061.551,188254871791.745,193451044339.25,200713814455.58,208208540088.527,216012844641.47,223351411219.837,231167587222.956,236627678200.625,235622231915.545,246334202069.855,253169588566.537,254770233952.217
"GDP, PPP (constant 2021 international $)",NY.GDP.MKTP.PP.KD,Sweden,SWE,342080851876.398,338160691283.668,353590572511.637,359175381461.949,370203957065.117,386166545867.068,402567750171.313,421755533588.575,427868874219.153,437268815635.362,447368897047.11,466770642589.085,480114696842.336,502501357944.772,519783494071.907,541205612271.327,538021674926.701,544412165727.791,558881542879.117,583971309081.788,596062979008.643,611369426432.63,623291269919.69,635671055404.615,621875638386.034,660102487151.81,677682333551.128,676352917377.142
"GDP, PPP (constant 2021 international $)",NY.GDP.MKTP.PP.KD,Singapore,SGP,138251447003.082,147498253382.875,208745069379.665,224341229414.04,242997915174.85,237673794388.827,251264865521.206,273974978881.985,271041082886.065,281675002394.523,294486300975.836,323758188300.615,347607260222.98,378915433023.903,413099362750.744,512500581547.636,535232532510.318,561018060871.555,583097152618.905,600454784671.71,622002967448.121,650073503063.02,672937330452.777,681988732836.322,655597140120.973,719129530581.864,746730274150.63,754757861691.713
GDP per capita growth (annual %),NY.GDP.PCAP.KD.ZG,China,CHN,2.40655857199592,7.7820919916031,9.75495488924255,8.77642981103237,8.12449757726388,6.81606456437845,6.73348565830214,7.63859767625573,7.55165483158112,8.40487997488042,9.35477664383941,9.46155877008179,10.741375126566,12.0933046941309,13.6358205007554,8.95381604174548,7.13452377743971,7.05073413400802,6.75076031581014,6.42073647731185,6.23821544767785,6.30186310056631,6.25170055571749,5.57531686294317,1.99555804192106,8.35171995394172,3.00257602626677,5.30924853429752
GDP per capita growth (annual %),NY.GDP.PCAP.KD.ZG,United States,USA,0.741486721211061,-1.43424758492347,1.46892917058395,2.57246399417865,3.19716561383218,3.27222983411085,3.59198037783612,2.92586254490257,-0.038731925617185,0.761236853294676,1.91588247774337,2.89111091233463,2.53411070718666,1.79819874740998,1.03834382171036,0.82892617390047,1.54146623449971,1.41274167855772,1.77469980748791,2.19043056582386,1.08425738313417,1.81147636540288,2.42587721947302,2.00148267922953,-3.15644425196703,5.63386812824078,1.56159818901087,2.0395059357577
GDP per capita growth (annual %),NY.GDP.PCAP.KD.ZG,Australia,AUS,2.05739235459797,-1.64357108847297,2.73260144954565,2.61079781380573,2.79486849131419,3.62521847644352,3.88493232980949,2.73894429537623,0.723531156716689,2.80352716038983,1.91173867643482,3.11589344319816,1.90606523763795,1.37798003366018,1.89670839165348,0.995812001601593,2.11992606815087,0.85530140286312,1.08830078150544,0.741438843604087,1.18626585064179,0.647495218504773,1.37834535331957,0.682490945150491,-1.55643630102695,1.96806164574946,2.95032558403243,0.603284935712949
GDP per capita growth (annual %),NY.GDP.PCAP.KD.ZG,Canada,CAN,-1.2964413233353,-3.30030001104947,1.62528133607556,0.631530864456693,3.24897488207195,3.03423767899854,4.2898365988725,4.16394850028571,0.774519432401604,1.88796484588035,0.895018592714791,2.13581559364609,2.23757658237358,1.602901526748,1.06414485183241,2.13607713967458,0.658841990369126,1.25359012904651,1.8484095174269,-0.112369172949158,-0.0982963525159875,1.80946446279282,1.28092657904244,0.42965758108582,-6.06240642959015,4.70538205187351,1.95567065895641,-1.85450959009675
GDP per capita growth (annual %),NY.GDP.PCAP.KD.ZG,Switzerland,CHE,2.61546619863479,-2.14648992063431,-0.188350743850677,0.0285406388478719,2.01528316098766,2.7242846564737,1.17900593565155,3.37615729497902,0.934949653145424,-0.826280428167465,-0.771333169072193,1.99813205561574,2.09358660743027,3.42255065978614,2.99182202308279,0.687339869637952,0.110596604306124,0.628360675437008,1.10869359440046,0.494129822392765,0.960131673178253,0.421326163056477,2.10552472012415,0.423089768227314,-2.85415832226442,4.5881921178937,1.73600130033897,-0.127139868143971
GDP per capita growth (annual %),NY.GDP.PCAP.KD.ZG,United Kingdom,GBR,0.433081150104584,-1.4084858001695,2.26078363005469,2.32115389545746,4.65503871544335,3.11335305603836,2.72311963429171,3.94666041513302,2.18459671040603,1.36197323998215,2.66739616621786,1.84540266498504,2.03584209773835,1.63644558698466,1.82436446195527,0.357726635762319,0.809511841772917,1.11285564329206,2.43857440495138,1.41349868255548,1.15154932987107,1.96002099357008,0.791214735013071,1.06983334867479,-10.687168020963,8.76398582256878,3.16817537223257,-0.714682165144737
GDP per capita growth (annual %),NY.GDP.PCAP.KD.ZG,"Hong Kong SAR, China",HKG,3.49743133275864,4.82903931366359,0.366546573266135,-0.267858574914698,4.22840758068051,-6.66511902549337,1.53229778835797,6.71845775096433,-0.177572960220346,1.2075018007074,3.25992038929364,7.85562301692364,6.92000266761063,6.34742272013153,5.55352995076778,4.11215462460794,0.583759401710978,2.68792339204664,2.04313026514885,1.52001442705792,1.54452735157624,3.00146067617099,2.02718332380807,-2.3966656291792,-6.20873463836189,7.42946166942563,-2.802274606412,0.612799102450083
GDP per capita growth (annual %),NY.GDP.PCAP.KD.ZG,Japan,JPN,4.49366120419509,3.11749463315445,2.39051955805158,2.900141234358,0.740905952598837,-1.53824407565509,-0.515740590055131,2.59289108650813,0.144511690084897,-0.190392013612978,1.31809196241525,2.15172332918605,1.79433980060388,1.30812718300903,1.36742232603785,0.209251802819637,1.53678665884595,2.15237106564643,0.429381122520397,1.66846511711745,0.805362824616168,1.75861180161441,0.771168471432347,-0.262170828589063,-3.86470966963243,3.0321308280439,1.40382237505176,2.42101118299132
GDP per capita growth (annual %),NY.GDP.PCAP.KD.ZG,"Korea, Rep.",KOR,8.80042947047626,9.68699892935838,8.51715304454162,6.86762448842396,5.17962976582618,-5.8118196273288,10.6774505835378,8.15268965958531,4.05100640297607,7.10433310954843,2.6140398272664,4.78128615324052,4.08764514661904,4.71292765493601,5.26636114571932,2.89141199434026,1.86559949596563,2.69615096128955,2.55621950883497,2.26842940068582,2.5391447288435,2.87019696151147,2.46224621613314,1.8889146004307,-0.846212237799236,4.43912129317819,2.80523762871836,1.2782352431086
GDP per capita growth (annual %),NY.GDP.PCAP.KD.ZG,Mexico,MEX,3.33530749896302,1.94112609301042,-7.64124460794521,4.3429871768452,5.36219978605692,4.41002183210024,1.08303683458344,3.37815766178009,-1.9740608911209,-1.74197265971698,-0.308351809255328,2.05451828034889,0.663910241421078,3.38875709504207,0.743081226435535,1.97772849965163,2.11702296200693,-0.467572586540285,1.23907995260342,1.51074466053764,0.625682747204579,0.777009685996944,1.00624881882332,-1.10575827225217,-9.28666749671056,5.14933266062441,3.29761793855816,2.46414431285061
GDP per capita growth (annual %),NY.GDP.PCAP.KD.ZG,Norway,NOR,1.5820928592686,2.59440597787501,3.61629500959661,4.49694371304126,4.7152773713444,2.05920290857982,1.37548680207782,2.65053090696199,1.5519275837342,0.832308716578552,0.354567463257808,3.40174615416824,1.98813846102195,1.63957008515976,1.8546433169967,-0.197405953019441,1.3776409008747,-0.197883222310097,0.903762650173263,0.848799124216399,0.277407784487878,1.63950714511496,0.165530155189344,0.443429279720704,-1.85769610859076,3.35449507409562,2.08438190143963,-0.623432003233276
GDP per capita growth (annual %),NY.GDP.PCAP.KD.ZG,New Zealand,NZL,-0.767250402213023,-5.76861748332426,3.200229689309,1.98397084496476,0.748259720717655,-0.031869245598827,4.82367915219754,2.26793181431869,2.80387341553825,2.91048965518847,2.68234235625238,2.55271908444313,2.19317700017744,1.53430913433827,2.09353083178681,1.46473712971036,1.73022518753503,1.97364932096052,2.0451815064295,1.64333157642101,1.44406499831086,1.25999864014925,1.66207788960591,0.74611018814295,-2.59630156645085,4.11466940497311,2.65634589792765,-1.40810809424879
GDP per capita growth (annual %),NY.GDP.PCAP.KD.ZG,Sweden,SWE,-0.0207591755191316,-1.81751517304615,3.39126911487388,1.41792423811522,3.01152303333838,4.2539467085561,4.16597892777474,4.59825479417304,1.17750189231714,1.86487397389017,1.92983038350924,3.92730625670833,2.44824843978924,4.07571489749014,2.67500267083921,2.41898851140094,-1.32100232444557,0.333984863287881,1.64424400595537,3.39017629600058,0.79614630049835,1.19514757132167,0.772577449000039,0.957561656419784,-2.87468419018519,5.51142519349814,1.96686365077406,-0.666848158531991
GDP per capita growth (annual %),NY.GDP.PCAP.KD.ZG,Singapore,SGP,5.63184802412309,3.69538228225123,3.9685677515225,3.1909851392228,4.73992674717256,-5.45798667446206,4.87689184197752,7.16598820156491,-3.70366595204537,2.97922962062731,6.10127554555405,8.5722052915981,4.87209326850753,5.64834329383781,4.57298627096552,4.02338164865897,1.90446223662212,3.13397914899265,2.59472315486744,1.76232468638902,2.25332840052626,4.42037360424483,3.0320299723957,0.191993897241005,-3.56949598146913,14.3619661171204,0.458682804705319,-3.71813638952344
GDP growth (annual %),NY.GDP.MKTP.KD.ZG,China,CHN,3.92025136776577,9.26278608517291,10.9539543419,9.92255675282291,9.23677989187537,7.84595178729862,7.6616515004031,8.49009340597647,8.33573347817196,9.13363078966614,10.0380304810393,10.1136213776263,11.3945918098927,12.7209556654032,14.2308609331955,9.55083217877568,7.86373644862111,7.76615009773009,7.42576365632412,7.04132887873656,6.84876220495761,6.94720079331685,6.7497738324959,5.95050075367413,2.23863835634639,8.44846941687277,2.98908408613474,5.19999999987174
GDP growth (annual %),NY.GDP.MKTP.KD.ZG,United States,USA,1.8859655853434,-0.108312888962658,2.68443073540719,3.7727726858688,4.44712794186451,4.48313334577439,4.78842505322162,4.07758575804293,0.955538346430316,1.70044732363073,2.795605965883,3.84777169205226,3.483549937943,2.78453963938148,2.00385829825838,1.56440685438301,2.28911338767897,2.11783009919846,2.52381981441982,2.94555045455233,1.81945147474293,2.45762230356996,2.96650507100425,2.46703756313913,-2.21346933290643,5.8002061284573,1.93549589483209,2.54270029878489
GDP growth (annual %),NY.GDP.MKTP.KD.ZG,Australia,AUS,3.57912304997303,-0.381874771857909,3.88316480376135,3.86393433962627,3.91318943203036,4.66325162994434,5.02764746946789,3.92151782931303,2.02512731541893,3.97963375579748,3.09068718165635,4.22432172716931,3.15413925672789,2.75529824273126,3.77339268108837,2.40897178005686,3.91840962538336,2.60619844706027,2.60740103188527,2.20181015336807,2.77914262537222,2.31870938698817,2.90636311509867,2.1811091061096,-0.33468635945016,2.11183088925151,4.26894639349867,3.01698810357014
GDP growth (annual %),NY.GDP.MKTP.KD.ZG,Canada,CAN,0.2029478627489,-2.09105517930676,2.68232830305229,1.68896120754063,4.28016686255228,3.89288652990767,5.14100348008584,5.13853918593026,1.87509813216803,2.9992553495694,1.80638513484521,3.09236383456562,3.21045435651203,2.6379438004107,2.04990461109004,3.13719438973661,1.75566132540601,2.32581357393478,2.87346677184995,0.649970993709132,1.03855093491798,3.03383490260789,2.74296343112555,1.9084319253883,-5.03823344128351,5.28695689105889,3.81986633913397,1.06599445256434
GDP growth (annual %),NY.GDP.MKTP.KD.ZG,Switzerland,CHE,3.67462559317617,-0.91581666845633,0.480866448949428,0.471280020946296,2.26132523902862,3.0299691703928,1.66270128418284,3.95871971933516,1.57566196744156,-0.0732170840426534,-0.0323984765377787,2.70170920967028,2.74969898498485,4.07362844994275,3.9163758177818,1.81310819203695,1.17925383325108,1.79214405707484,2.34988127508626,1.64462768699285,2.0686896670996,1.36279955711416,2.86044579461633,1.14198232505277,-2.14173720650054,5.39188804141473,2.56832817834069,0.716066868695833
GDP growth (annual %),NY.GDP.MKTP.KD.ZG,United Kingdom,GBR,0.733755495925308,-1.10312165827735,2.53167004513035,2.58202252914914,4.92492865169534,3.41426987375397,3.06617612499225,4.31872705812104,2.5787410460365,1.79198561607272,3.14657252830963,2.42649654912002,2.73884240379734,2.38627536792974,2.62033122218656,1.14510154098662,1.51293674929991,1.79232221590813,3.19578246561922,2.2202583222271,1.9210634135702,2.65506966811928,1.40379208588568,1.64161099628876,-10.3599008187799,8.67490411442573,4.34522883436574,0.104017849159277
GDP growth (annual %),NY.GDP.MKTP.KD.ZG,"Hong Kong SAR, China",HKG,3.83051898239977,5.70192552058779,2.37374446758851,4.2585721708771,5.09974443529021,-5.88268986903378,2.50670497406466,7.6634406887425,0.560798480599047,1.65668988489507,3.05628210676853,8.70009786879737,7.38812739367063,7.03265900519784,6.4648144548709,4.81471379564613,1.70031366284486,3.10154169020906,2.76237449357055,2.38783888125143,2.17541170539882,3.79609070564942,2.84691154561109,-1.67242651924354,-6.54477867707153,6.454396778722,-3.68075292201146,3.21505497011667
GDP growth (annual %),NY.GDP.MKTP.KD.ZG,Japan,JPN,4.84092905745234,3.52335723533228,2.63099961644897,3.13387099280445,0.981228732132223,-1.27033049463975,-0.333929957747415,2.76464755143648,0.386103426145752,0.0419624993125609,1.53512549928013,2.1861156944216,1.80390087227372,1.37235012762038,1.48396941163492,0.0238095237748297,1.37475099920874,2.0051001767726,0.296205514142628,1.56062669674904,0.753826745903538,1.67533175166503,0.643391023460339,-0.402169200910933,-4.14711889947692,2.55932023865617,0.954736937781391,1.92305553064716
GDP growth (annual %),NY.GDP.MKTP.KD.ZG,"Korea, Rep.",KOR,9.8775525016936,10.7780561268967,9.61456539319965,7.89070332600667,6.17055242658977,-5.12944816520964,11.4669424267425,9.06083332508534,4.85239957151281,7.72514267547173,3.14729119373409,5.19739136324382,4.30854271411236,5.26432659466724,5.79954841503216,3.68566778212526,2.40253099246186,3.16470863647184,3.2024537945736,2.80910326824133,2.94688171508626,3.15963574012777,2.90740377377135,2.24397786011012,-0.709415359397681,4.30473481906969,2.61267219187226,1.35673324311098
GDP growth (annual %),NY.GDP.MKTP.KD.ZG,Mexico,MEX,5.25004329944582,3.97590497138043,-5.91029962358286,6.21829715869302,7.19887615284711,6.18507893082885,2.75503039300564,5.02928399378261,-0.450845253215945,-0.236588001922641,1.18554486709559,3.56544100946846,2.11324712586392,4.80501352746852,2.07786393438754,3.44404505794418,3.55321075993527,0.852101559410627,2.50376350288664,2.70232342550646,1.77249323845399,1.87172853327193,1.97208209405635,-0.251335754924085,-8.62455573080136,5.73920833768318,3.94899999903839,3.22873675559163
GDP growth (annual %),NY.GDP.MKTP.KD.ZG,Norway,NOR,1.93229132787364,3.08443858463822,4.15559224332756,5.02796426577115,5.28460659472807,2.66868662298907,2.07204717075879,3.31894567098156,2.06713046054618,1.37755700146496,0.944909391118713,4.01458801709728,2.68512289082248,2.46147313370328,2.91403998607174,1.10565602733728,2.71795926678982,1.01619082409272,2.04813199855084,1.85733972643303,1.16472423497285,2.46374628510146,0.828900664137592,1.12377787436797,-1.2781717845226,3.90868677689417,3.00563516076298,0.514118226595343
GDP growth (annual %),NY.GDP.MKTP.KD.ZG,New Zealand,NZL,0.153130944080715,-1.0907246579274,4.72257561898002,3.61087254135366,2.0791517904474,0.85907461138774,5.37596118390373,2.87059022192307,3.41147076988781,4.71384316544561,4.72896774397864,4.08825964880346,3.35324144367794,2.77957134994847,3.04991051170988,2.24134221542516,2.2894629674209,2.76017958953716,3.75431941509395,3.73403577291154,3.74831145236631,3.39728250444887,3.49949703045593,2.36196217785604,-0.424906457573115,4.54624763852878,2.7748426484212,0.632242361629224
GDP growth (annual %),NY.GDP.MKTP.KD.ZG,Sweden,SWE,0.754674768666845,-1.14597486858065,3.93519292606446,1.57945640649923,3.07052659296374,4.31183635326269,4.24718414367548,4.7663488714872,1.44949861796981,2.1969210621746,2.30981059032811,4.33685615384474,2.85880323990261,4.66277355175126,3.43922177600065,3.1953332348894,-0.588304568990736,1.187775715906,2.65779827531642,4.48928158790491,2.07059315052096,2.56792452526476,1.95002284569983,1.98619587380391,-2.17021317885872,6.14702464708019,2.66319953969133,-0.196170994604543
GDP growth (annual %),NY.GDP.MKTP.KD.ZG,Singapore,SGP,9.82089955731777,6.68839753958379,7.17540112091071,7.47139086002002,8.31620911124497,-2.19101500611274,5.71837175710837,9.03831632555163,-1.07086275100448,3.92336076702013,4.54825542643229,9.93998268434957,7.36632239250758,9.00676607871758,9.02151951268893,6.21493416858989,4.43549759378537,4.81763099120676,3.93554027709007,2.97679931634806,3.58864369582668,4.51292631770927,3.51711418509255,1.34505874082728,-3.86979893430043,9.69076687082064,3.83807678519807,1.07503175095101
Exports of goods and services (annual % growth),NE.EXP.GNFS.KD.ZG,China,CHN,..,..,..,..,..,..,..,..,..,..,..,..,..,..,..,..,..,..,..,..,..,..,..,..,..,..,..,..
Exports of goods and services (annual % growth),NE.EXP.GNFS.KD.ZG,United States,USA,8.82210375501602,6.61409740669723,10.278304679372,8.17645892527243,11.9095980204699,2.33572541070363,4.97971976288507,8.31350181610964,-5.58209341707322,-1.9537014760735,2.10648222654244,9.64387379989236,6.9474770232882,9.47588855826544,8.76136038406013,7.17815837924702,4.01817076638014,3.0103437393211,3.90232256058883,0.319626118375922,0.474057152621612,4.11438082408611,2.85408625260226,0.511353287797505,-13.1294492117423,6.34328289481783,6.95966279467224,..
Exports of goods and services (annual % growth),NE.EXP.GNFS.KD.ZG,Australia,AUS,4.6702024666414,11.2567778604414,4.41287967426405,9.96015221941829,10.8837436817218,4.5790750680097,1.91545156709179,9.89186858670345,8.6423899260524,-0.491132175224408,0.504298293747226,1.32909271584396,3.45946284961671,2.98805219998238,4.15699012189772,0.850605256068107,4.60325179862686,5.30543465448974,6.07329408838405,6.88884980654238,6.39386610066308,5.48519074105576,4.10774586285143,3.90529896449104,-1.74817224217509,-8.64058265998014,-0.471245470406657,6.46972462837387
Exports of goods and services (annual % growth),NE.EXP.GNFS.KD.ZG,Canada,CAN,4.60318109584598,1.6659311435854,8.86902780320035,5.9550186809539,8.63081840153221,9.51973555821692,10.7922826492197,8.96536538423737,-2.69394073869172,1.20048925574343,-1.69175969950076,5.55872558745314,2.28053313845085,0.88668948357487,1.0836119973421,4.79725397737694,2.76419741530221,2.45341398710779,6.31907929559279,3.39883690004912,1.52524564046344,1.49083820196113,3.57412177462744,2.28655554504809,-8.98087572698148,2.7293176406717,3.20073734864863,5.72497598390358
Exports of goods and services (annual % growth),NE.EXP.GNFS.KD.ZG,Switzerland,CHE,1.94706101669972,-1.56121384437674,2.77606724442927,3.01859238773791,14.7899152086616,2.62717185107002,3.31921103242803,12.1338354083361,0.100569745840119,-1.75883239678552,-1.17705376411004,9.84078587096295,6.47346898455041,6.43141456892049,11.2837078526098,4.04060036096116,0.688025957028771,14.1719610746679,-5.03425105697424,4.02377721757881,5.97768292469389,-0.376952418836069,3.3728643151336,-0.678189141691888,-5.24019233367045,13.766432151548,5.9325720762082,2.50516742704619
Exports of goods and services (annual % growth),NE.EXP.GNFS.KD.ZG,United Kingdom,GBR,5.2810973432897,0.165923905416079,9.44567839157156,7.10148038087175,12.3117420024841,3.01689644070649,3.49644322969003,9.75807858893714,2.88845257883045,0.920754255721093,1.70687074002727,5.03768314475734,7.55561916142496,12.7209979760976,-1.56591645257296,6.92821274937756,0.760115582460543,0.284523361397547,1.00498474558206,3.77342185425398,2.77438115333155,6.76555579857154,3.08606510198366,1.99694027310942,-11.4697125336299,4.94118014197893,8.97032091738322,-0.51212594750065
Exports of goods and services (annual % growth),NE.EXP.GNFS.KD.ZG,"Hong Kong SAR, China",HKG,6.99031437162429,13.8426942275122,9.93036870819198,6.27366379305133,6.2735754054543,-5.42285936380777,3.20519678416149,16.9159552558474,-1.05058179573257,8.56282306624865,13.1047493444023,16.1056456034409,12.167617246176,10.1749270013374,8.24100803830142,4.80791923253103,3.20495609290788,7.81820002842612,0.972685968132822,-1.37133662709634,0.684006573584739,5.84543427797873,3.65412807734711,-6.14559571159202,-6.68113803248907,17.0373736753451,-12.5351345752934,-6.53280402623557
Exports of goods and services (annual % growth),NE.EXP.GNFS.KD.ZG,Japan,JPN,7.42794802488032,5.43017288157172,4.18315358675339,4.83266066905669,11.0849828772443,-2.42366091981224,2.00058205164386,13.0238932046809,-6.63382393439613,7.89253760692164,9.62903899457037,14.3708655144945,7.11973424019526,10.306049178196,8.70306773623106,-0.119600974274874,0.145733293499561,0.810553198920232,9.34180674745522,3.21123475601371,1.61828441812327,6.6190723942031,3.75959970012927,-1.45849057319381,-11.5946770329173,11.8721769322028,5.28307687517999,..
Exports of goods and services (annual % growth),NE.EXP.GNFS.KD.ZG,"Korea, Rep.",KOR,5.08760498255118,12.2215634027384,22.9564367751298,10.1899004427265,18.7137985609163,14.5646213157226,12.2700361703787,16.9854648134148,-1.7990697742394,12.8127174232531,13.5795267390889,21.0047849842309,7.89918335820504,12.0450939030045,12.6039352995937,15.4171997110504,5.79341076341532,3.82023744755062,2.09556327909372,0.234197142131109,2.37228906653245,2.48034493797871,3.97593688547555,0.238336268539683,-1.70680602744788,11.0947403075219,3.42852966546256,3.08052088214828
Exports of goods and services (annual % growth),NE.EXP.GNFS.KD.ZG,Mexico,MEX,3.64493996741106,4.58471245321034,25.4740996300855,17.3222784650088,8.66243173844011,8.2279900005035,6.82148453387012,15.2704635765234,1.83661645827704,2.73868906375124,-1.77177312521771,5.76184463041058,6.37211219479963,8.69848535208652,2.51950089838485,9.28677959846944,7.91768222458853,2.70170612292293,7.57223004125309,7.02945548063579,3.06730776042174,3.19751891288757,6.5271205162929,1.16426284892479,-7.01880720792634,7.21717038212131,8.68242967961253,-6.93720662045426
Exports of goods and services (annual % growth),NE.EXP.GNFS.KD.ZG,Norway,NOR,8.10275102431757,6.19362440471063,5.38667651077547,10.0745825668393,7.71461797461244,1.31111168391354,2.94575555014087,3.90365527454959,4.5809048002847,-0.582161283606581,-0.332864349198729,1.15739514582648,0.55785084297267,-0.570985698886844,0.779564941486811,-0.513929827473419,2.05611299382322,-1.65125019336512,3.83392748783018,3.92621467185721,0.387751620324735,1.5955042090292,-1.53739841623522,2.1156838861156,-2.32867098416514,6.09120518479259,4.49951638635781,1.44900729426153
Exports of goods and services (annual % growth),NE.EXP.GNFS.KD.ZG,New Zealand,NZL,9.31195547573334,9.23597749342781,3.77753534536332,4.20138675736794,3.41189792557819,3.41599546808939,8.30381837687287,6.0586227807951,3.28681591755628,7.53206372941813,2.68169424999863,3.17244164994452,-0.442599880863497,3.46878340574617,3.92349108797751,2.29414457555521,3.04134653135431,0.135515479387266,4.65077887277046,6.24191726553931,1.55563524303123,3.55179975969291,2.83290547374999,-0.248445435000036,-17.631274912217,1.39327512129471,5.98586303450328,..
Exports of goods and services (annual % growth),NE.EXP.GNFS.KD.ZG,Sweden,SWE,2.30808741059631,-1.96578508516161,11.2837921730256,4.41346148612978,13.9336689284369,8.9158533670205,7.19962363694407,12.041256543682,0.590599543782616,1.69881478442566,4.30800997903513,11.2595343227425,6.39895955230112,8.61398412339152,4.59540701457222,6.71979624532719,1.12079553624199,-1.10275084507141,4.36597466243624,5.80006093800267,2.39978119452773,4.13162544817321,4.24697783240826,5.97399301700976,-5.45430458390487,11.1233844495945,6.49577775312682,3.30274355856976
Exports of goods and services (annual % growth),NE.EXP.GNFS.KD.ZG,Singapore,SGP,13.0771839720917,8.58716011899661,21.0873810953449,9.34609538444835,10.2310205815733,-4.41723779836633,8.01809748921349,14.3282934774083,-3.64070742045996,7.38074043840886,13.870710510351,19.3992880709538,12.7798517436743,10.9542601120836,8.53810646514776,7.69048603691513,1.3971546433355,6.13984290044986,3.61996188755937,4.96769782563081,0.0455147756874794,7.5283818548268,8.26137149977893,-0.0253146829935531,-0.178668906414174,9.20216531453157,3.00282261382949,2.38388472015474
Consumer price index (2010 = 100),FP.CPI.TOTL,China,CHN,40.4402632290027,41.8785962689823,74.0797863737527,80.2381577567065,82.4739659836287,81.8362888154733,80.6893755831361,80.9700222903011,81.552298456301,80.955359361403,81.8682148167155,84.9993772047539,86.5093181065058,87.9362296125358,92.1719134940607,105.553898922575,108.318908982374,111.158001765192,113.294060199837,114.922122819495,117.220567369674,119.088050428682,121.558877866113,125.083154382075,128.109443605623,129.366216637457,131.919356668535,132.229151902431
Consumer price index (2010 = 100),FP.CPI.TOTL,United States,USA,59.919760489111,62.4573407534626,69.8828203523109,71.9312285175105,73.6127576083459,74.755433058709,76.391102265249,78.9707207568715,81.2025684592531,82.490466876552,84.3630788186188,86.6216781201727,89.5605323721102,92.4497050827274,95.0869923788515,103.156841568622,105.291504532867,106.833848874866,108.566932118964,108.695721960694,110.06700893427,112.411557302308,115.157303224791,117.244195476228,118.690501577198,124.266413825838,134.21120616846,139.73579356326
Consumer price index (2010 = 100),FP.CPI.TOTL,Australia,AUS,59.7814776274714,61.6805411030177,67.6378772112383,69.4068678459938,69.5629552549428,70.1612903225807,71.2018730489074,74.375650364204,77.6534859521332,79.9687825182102,82.1540062434964,84.0790842872008,86.3423517169615,89.4120707596254,91.4932362122789,103.303850156087,105.124869927159,107.700312174818,110.379812695109,112.044745057232,113.475546305931,115.686784599376,117.89802289282,119.797086368366,120.811654526535,124.271592091571,132.466181061394,139.880332986472
Consumer price index (2010 = 100),FP.CPI.TOTL,Canada,CAN,67.279622209502,71.0646823125358,75.1717229536348,76.352318259874,77.5901545506583,78.3629078420148,79.722381224957,81.8903835145964,83.9582140812822,85.8543216943331,88.2226674298798,89.8611906124785,91.850314825415,93.689181453921,95.6926159129937,102.912135088724,104.471951917573,105.452203777905,107.462793360046,108.672009158557,110.224670864339,111.984831139096,114.524899828277,116.757298225529,117.594447624499,121.587006296508,129.858328563251,134.895535203205
Consumer price index (2010 = 100),FP.CPI.TOTL,Switzerland,CHE,75.7072261056968,80.1433641788009,88.4212964937199,89.1389538564488,89.6026773559716,89.6187506765555,90.3414760556727,91.7494743368115,92.656895290517,93.252411818155,93.8476167201897,94.6011274286295,95.7098093179335,96.723863632636,97.4322214313128,100.231349207651,99.5371949759392,99.3208776033038,99.3077647259499,98.1717745930005,97.7451017375587,98.2668532046593,99.1869606006829,99.5468963730059,98.8243104053428,99.3992842451935,102.21728177187,104.400030506506
Consumer price index (2010 = 100),FP.CPI.TOTL,United Kingdom,GBR,61.0967264656926,65.6556315886813,73.9319400776771,76.0403181061587,77.7140743480673,79.1289069724431,80.5159977806547,81.4684668022933,82.7168485296837,83.9744775291289,85.1303865359719,86.3140373589791,88.1172554096541,90.2811170704642,92.4357314592195,103.856112446828,106.528574070649,108.969853893102,110.551137414463,110.958017384871,112.076937303495,114.943591640466,117.579064176068,119.622711300166,120.806362123174,123.848714629184,133.660070279268,142.740891437026
Consumer price index (2010 = 100),FP.CPI.TOTL,"Hong Kong SAR, China",HKG,56.9996503914016,63.3601264007425,89.6582483624406,95.2848232937807,100.789081378787,103.724685690791,99.5659129154526,95.8964075254482,94.306288523113,91.4930010574429,89.0466641307732,88.8020304381063,89.5359315161073,91.3268754223924,93.1854021175941,105.305248929939,109.574228429827,114.327551250282,119.384996620861,122.955620635278,125.917999549448,127.799053840955,130.874070736652,134.647443117819,134.985357062402,137.102951115116,139.682360892093,142.610948411804
Consumer price index (2010 = 100),FP.CPI.TOTL,Japan,JPN,94.5343299540883,97.608055542147,101.130752283518,101.268897253768,103.038879685094,103.720970475702,103.366973989437,102.667615077547,101.907817741173,100.966705131346,100.707683312128,100.699049251487,100.414125250347,100.664513008925,100.724951433409,99.7275443838987,99.6835999296889,100.017577781684,102.777289506064,103.594656354368,103.462822991738,103.963789769731,104.992089998242,105.484267885393,105.457901212867,105.211812269292,107.839690631042,111.364035858675
Consumer price index (2010 = 100),FP.CPI.TOTL,"Korea, Rep.",KOR,44.5510346637439,48.7088893863028,60.1980564839185,63.1625359874652,65.9662779119937,70.9227070292299,71.4992783210738,73.1145655647234,76.0878248519979,78.1895700028558,80.937835271961,83.8440401670281,86.1529303251801,88.0847721887325,90.3173457652498,104.025965004361,106.301086763559,107.684433346969,109.057167004994,109.82747242569,110.894650313757,113.050810827499,114.719259179216,115.158634290169,115.777367840135,118.669872413341,124.709591769001,129.195964772806
Consumer price index (2010 = 100),FP.CPI.TOTL,Mexico,MEX,11.7543180636708,14.418123874751,26.3941179264612,35.467988935687,42.7834846501138,49.5982070850547,57.8243757365431,63.3128119183035,67.3444059411696,70.732319377097,73.9484472925727,77.4154528387154,80.5028253377382,83.4246493200917,86.7339792329344,103.407378246057,107.658982747635,111.756904251934,116.247985177591,119.410675116721,122.780095507214,130.197802476747,136.57664871233,141.542522969974,146.350487735058,154.676672089174,166.890369321443,176.116003638578
Consumer price index (2010 = 100),FP.CPI.TOTL,Norway,NOR,65.0076916116188,67.2427834585105,73.106506198534,74.029499592797,75.9297801103972,77.6400325762374,79.4769704099176,81.9292371731065,84.3905528911411,85.4764274726269,87.60293186137,88.0010858745815,89.349380146593,91.4306397611076,92.0821645099991,101.284951588092,101.990770066057,104.153470274183,106.279974662926,108.587458148584,112.442312912858,114.55071939191,117.71785358791,120.269658854402,121.81703013302,126.06098995566,133.327300696769,140.684100986336
Consumer price index (2010 = 100),FP.CPI.TOTL,New Zealand,NZL,64.675578984307,66.3586916339568,71.6744169878802,73.3126884933663,74.1830188512678,75.1216151198578,75.0357758064178,76.9981372744839,79.0199669167589,81.135404585527,82.5581743082921,84.4489620933151,87.0136967707976,89.9420574288871,92.0792094230958,104.02790667392,105.130512172271,106.323136529614,107.628261011102,107.943293912264,108.640866961892,110.651578737121,112.420119642595,114.240911764414,116.19964268334,120.779210747308,129.441767205658,136.86287449004
Consumer price index (2010 = 100),FP.CPI.TOTL,Sweden,SWE,68.6271754732524,75.1087564434232,84.2853482548,84.7347003997609,85.2926023577901,85.0647579532024,85.4579066416507,86.2262960544622,88.3008648169117,90.2068232098234,91.9438957260577,92.2874531293479,92.705672967515,93.9666691462309,96.0453705157769,102.961150738221,103.875834442249,103.829824749908,103.643306416286,103.594817159687,104.614469083966,106.491774734342,108.572129146727,110.509219846432,111.058856590269,113.461278849041,122.957183435409,133.468331831819
Consumer price index (2010 = 100),FP.CPI.TOTL,Singapore,SGP,71.8167330935613,74.2769601621417,81.4837509729831,82.6108183473333,84.2659972913777,84.0405838165084,84.0546268583358,85.1991347672751,86.0487387978369,85.7117057939776,86.1470400906292,87.5794303570314,87.9517360124626,88.7986248424537,90.6677293693,105.247793398405,110.063514278795,112.659476898612,113.81440330709,113.219588558659,112.616956081526,113.265922901941,113.762730027133,114.405785881945,114.197662689794,116.829758470318,123.980978131334,129.958680443666
,,,,,,,,,,,,,,,,,,,,,,,,,,,,,,,
,,,,,,,,,,,,,,,,,,,,,,,,,,,,,,,
,,,,,,,,,,,,,,,,,,,,,,,,,,,,,,,
Data from database: World Development Indicators,,,,,,,,,,,,,,,,,,,,,,,,,,,,,,,
Last Updated: 09/19/2024,,,,,,,,,,,,,,,,,,,,,,,,,,,,,,,
Code,License Type,Indicator Name,Long definition,Source,Topic,Periodicity,Base Period,Aggregation method,Statistical concept and methodology,Development relevance,Limitations and exceptions,License URL
FR.INR.RINR,CC BY-4.0,Real interest rate (%),"Real interest rate is the lending interest rate adjusted for inflation as measured by the GDP deflator. The terms and conditions attached to lending rates differ by country, however, limiting their comparability.","International Monetary Fund, International Financial Statistics and data files using World Bank data on the GDP deflator.",Financial Sector: Interest rates,Annual,,,"Many interest rates coexist in an economy, reflecting competitive conditions, the terms governing loans and deposits, and differences in the position and status of creditors and debtors. In some economies interest rates are set by regulation or administrative fiat. In economies with imperfect markets, or where reported nominal rates are not indicative of effective rates, it may be difficult to obtain data on interest rates that reflect actual market transactions. Deposit and lending rates are collected by the International Monetary Fund (IMF) as representative interest rates offered by banks to resident customers. The terms and conditions attached to these rates differ by country, however, limiting their comparability.

Real interest rates are calculated by adjusting nominal rates by an estimate of the inflation rate in the economy. A negative real interest rate indicates a loss in the purchasing power of the principal. The real interest rates are calculated as (i - P) / (1 + P), where i is the nominal lending interest rate and P is the inflation rate (as measured by the GDP deflator).

In 2009 the IMF began publishing a new presentation of monetary statistics for countries that report data in accordance with its Monetary Financial Statistical Manual 2000. The presentation for countries that report data in accordance with its International Financial Statistics (IFS) remains the same.","The banking system's assets include its net foreign assets and net domestic credit. Net domestic credit includes credit extended to the private sector and general government and credit extended to the nonfinancial public sector in the form of investments in short- and long-term government securities and loans to state enterprises; liabilities to the public and private sectors in the form of deposits with the banking system are netted out. Net domestic credit also includes credit to banking and nonbank financial institutions.

Domestic credit is the main vehicle through which changes in the money supply are regulated, with central bank lending to the government often playing the most important role. The central bank can regulate lending to the private sector in several ways - for example, by adjusting the cost of the refinancing facilities it provides to banks, by changing market interest rates through open market operations, or by controlling the availability of credit through changes in the reserve requirements imposed on banks and ceilings on the credit provided by banks to the private sector.

The real interest rate is used in various economic theories to explain such phenomena as the capital flight, business cycle and economic bubbles. When the real rate of interest is high, that is, demand for credit is high, then money will, all other things being equal, move from consumption to savings. Conversely, when the real rate of interest is low, demand will move from savings to investment and consumption.",,https://datacatalog.worldbank.org/public-licenses#cc-by
PA.NUS.FCRF,CC BY-4.0,"Official exchange rate (LCU per US$, period average)",Official exchange rate refers to the exchange rate determined by national authorities or to the rate determined in the legally sanctioned exchange market. It is calculated as an annual average based on monthly averages (local currency units relative to the U.S. dollar).,"International Monetary Fund, International Financial Statistics.",Financial Sector: Exchange rates & prices,Annual,,,"The exchange rate is the price of one currency in terms of another. Official exchange rates and exchange rate arrangements are established by governments. Other exchange rates recognized by governments include market rates, which are determined largely by legal market forces, and for countries with multiple exchange arrangements, principal rates, secondary rates, and tertiary rates.","In a market-based economy, household, producer, and government choices about resource allocation are influenced by relative prices, including the real exchange rate, real wages, real interest rates, and other prices in the economy. Relative prices also largely reflect these agents' choices. Thus relative prices convey vital information about the interaction of economic agents in an economy and with the rest of the world.","Official or market exchange rates are often used to convert economic statistics in local currencies to a common currency in order to make comparisons across countries. Since market rates reflect at best the relative prices of tradable goods, the volume of goods and services that a U.S. dollar buys in the United States may not correspond to what a U.S. dollar converted to another country's currency at the official exchange rate would buy in that country, particularly when nontradable goods and services account for a significant share of a country's output. An alternative exchange rate - the purchasing power parity (PPP) conversion factor - is preferred because it reflects differences in price levels for both tradable and nontradable goods and services and therefore provides a more meaningful comparison of real output.",https://datacatalog.worldbank.org/public-licenses#cc-by
FP.CPI.TOTL.ZG,CC BY-4.0,"Inflation, consumer prices (annual %)","Inflation as measured by the consumer price index reflects the annual percentage change in the cost to the average consumer of acquiring a basket of goods and services that may be fixed or changed at specified intervals, such as yearly. The Laspeyres formula is generally used.","International Monetary Fund, International Financial Statistics and data files.",Financial Sector: Exchange rates & prices,Annual,,Median,,,,https://datacatalog.worldbank.org/public-licenses#cc-by
NY.GDP.PCAP.PP.KD,CC BY-4.0,"GDP per capita, PPP (constant 2021 international $)",GDP per capita based on purchasing power parity (PPP). PPP GDP is gross domestic product converted to international dollars using purchasing power parity rates. An international dollar has the same purchasing power over GDP as the U.S. dollar has in the United States. GDP at purchaser's prices is the sum of gross value added by all resident producers in the country plus any product taxes and minus any subsidies not included in the value of the products. It is calculated without making deductions for depreciation of fabricated assets or for depletion and degradation of natural resources. Data are in constant 2021 international dollars.,"International Comparison Program, World Bank | World Development Indicators database, World Bank | Eurostat-OECD PPP Programme.",Economic Policy & Debt: Purchasing power parity,Annual,2021,Weighted average,"For the concept and methodology of PPP, please refer to the International Comparison Program (ICP)s website (https://www.worldbank.org/en/programs/icp).",,,https://datacatalog.worldbank.org/public-licenses#cc-by
NY.GDP.MKTP.PP.KD,CC BY-4.0,"GDP, PPP (constant 2021 international $)",PPP GDP is gross domestic product converted to international dollars using purchasing power parity rates. An international dollar has the same purchasing power over GDP as the U.S. dollar has in the United States. GDP is the sum of gross value added by all resident producers in the country plus any product taxes and minus any subsidies not included in the value of the products. It is calculated without making deductions for depreciation of fabricated assets or for depletion and degradation of natural resources. Data are in constant 2021 international dollars.,"International Comparison Program, World Bank | World Development Indicators database, World Bank | Eurostat-OECD PPP Programme.",Economic Policy & Debt: Purchasing power parity,Annual,2021,Gap-filled total,"For the concept and methodology of PPP, please refer to the International Comparison Program (ICP)s website (https://www.worldbank.org/en/programs/icp).",,,https://datacatalog.worldbank.org/public-licenses#cc-by
NY.GDP.PCAP.KD.ZG,CC BY-4.0,GDP per capita growth (annual %),Annual percentage growth rate of GDP per capita based on constant local currency. GDP per capita is gross domestic product divided by midyear population. GDP at purchaser's prices is the sum of gross value added by all resident producers in the economy plus any product taxes and minus any subsidies not included in the value of the products. It is calculated without making deductions for depreciation of fabricated assets or for depletion and degradation of natural resources.,"World Bank national accounts data, and OECD National Accounts data files.",Economic Policy & Debt: National accounts: Growth rates,Annual,,Weighted average,"For more information, see the metadata for constant U.S. dollar GDP (NY.GDP.MKTP.KD) and total population (SP.POP.TOTL).",,,https://datacatalog.worldbank.org/public-licenses#cc-by
NY.GDP.MKTP.KD.ZG,CC BY-4.0,GDP growth (annual %),"Annual percentage growth rate of GDP at market prices based on constant local currency. Aggregates are based on constant 2015 prices, expressed in U.S. dollars. GDP is the sum of gross value added by all resident producers in the economy plus any product taxes and minus any subsidies not included in the value of the products. It is calculated without making deductions for depreciation of fabricated assets or for depletion and degradation of natural resources.","World Bank national accounts data, and OECD National Accounts data files.",Economic Policy & Debt: National accounts: Growth rates,Annual,,Weighted average,"Gross domestic product (GDP) represents the sum of value added by all its producers. Value added is the value of the gross output of producers less the value of intermediate goods and services consumed in production, before accounting for consumption of fixed capital in production. The United Nations System of National Accounts calls for value added to be valued at either basic prices (excluding net taxes on products) or producer prices (including net taxes on products paid by producers but excluding sales or value added taxes). Both valuations exclude transport charges that are invoiced separately by producers. Total GDP is measured at purchaser prices. Value added by industry is normally measured at basic prices. When value added is measured at producer prices.

Growth rates of GDP and its components are calculated using the least squares method and constant price data in the local currency. Constant price in U.S. dollar series are used to calculate regional and income group growth rates. Local currency series are converted to constant U.S. dollars using an exchange rate in the common reference year.","An economy's growth is measured by the change in the volume of its output or in the real incomes of its residents. The 2008 United Nations System of National Accounts (2008 SNA) offers three plausible indicators for calculating growth: the volume of gross domestic product (GDP), real gross domestic income, and real gross national income. The volume of GDP is the sum of value added, measured at constant prices, by households, government, and industries operating in the economy. GDP accounts for all domestic production, regardless of whether the income accrues to domestic or foreign institutions.","Each industry's contribution to growth in the economy's output is measured by growth in the industry's value added. In principle, value added in constant prices can be estimated by measuring the quantity of goods and services produced in a period, valuing them at an agreed set of base year prices, and subtracting the cost of intermediate inputs, also in constant prices. This double-deflation method requires detailed information on the structure of prices of inputs and outputs.

In many industries, however, value added is extrapolated from the base year using single volume indexes of outputs or, less commonly, inputs. Particularly in the services industries, including most of government, value added in constant prices is often imputed from labor inputs, such as real wages or number of employees. In the absence of well defined measures of output, measuring the growth of services remains difficult.

Moreover, technical progress can lead to improvements in production processes and in the quality of goods and services that, if not properly accounted for, can distort measures of value added and thus of growth. When inputs are used to estimate output, as for nonmarket services, unmeasured technical progress leads to underestimates of the volume of output. Similarly, unmeasured improvements in quality lead to underestimates of the value of output and value added. The result can be underestimates of growth and productivity improvement and overestimates of inflation.

Informal economic activities pose a particular measurement problem, especially in developing countries, where much economic activity is unrecorded. A complete picture of the economy requires estimating household outputs produced for home use, sales in informal markets, barter exchanges, and illicit or deliberately unreported activities. The consistency and completeness of such estimates depend on the skill and methods of the compiling statisticians.

Rebasing of national accounts can alter the measured growth rate of an economy and lead to breaks in series that affect the consistency of data over time. When countries rebase their national accounts, they update the weights assigned to various components to better reflect current patterns of production or uses of output. The new base year should represent normal operation of the economy - it should be a year without major shocks or distortions. Some developing countries have not rebased their national accounts for many years. Using an old base year can be misleading because implicit price and volume weights become progressively less relevant and useful.

To obtain comparable series of constant price data for computing aggregates, the World Bank rescales GDP and value added by industrial origin to a common reference year. Because rescaling changes the implicit weights used in forming regional and income group aggregates, aggregate growth rates are not comparable with those from earlier editions with different base years. Rescaling may result in a discrepancy between the rescaled GDP and the sum of the rescaled components. To avoid distortions in the growth rates, the discrepancy is left unallocated. As a result, the weighted average of the growth rates of the components generally does not equal the GDP growth rate.",https://datacatalog.worldbank.org/public-licenses#cc-by
NE.EXP.GNFS.KD.ZG,CC BY-4.0,Exports of goods and services (annual % growth),"Annual growth rate of exports of goods and services based on constant local currency. Aggregates are based on constant 2015 prices, expressed in U.S. dollars. Exports of goods and services represent the value of all goods and other market services provided to the rest of the world. They include the value of merchandise, freight, insurance, transport, travel, royalties, license fees, and other services, such as communication, construction, financial, information, business, personal, and government services. They exclude compensation of employees and investment income (formerly called factor services) and transfer payments.","World Bank national accounts data, and OECD National Accounts data files.",Economic Policy & Debt: National accounts: Growth rates,Annual,,Weighted average,,,,https://datacatalog.worldbank.org/public-licenses#cc-by
FP.CPI.TOTL,CC BY-4.0,Consumer price index (2010 = 100),"Consumer price index reflects changes in the cost to the average consumer of acquiring a basket of goods and services that may be fixed or changed at specified intervals, such as yearly. The Laspeyres formula is generally used. Data are period averages.","International Monetary Fund, International Financial Statistics and data files.",Financial Sector: Exchange rates & prices,Annual,2010,,"Consumer price indexes are constructed explicitly, using surveys of the cost of a defined basket of consumer goods and services.","A general and continuing increase in an economys price level is called inflation. The increase in the average prices of goods and services in the economy should be distinguished from a change in the relative prices of individual goods and services. Generally accompanying an overall increase in the price level is a change in the structure of relative prices, but it is only the average increase, not the relative price changes, that constitutes inflation. A commonly used measure of inflation is the consumer price index, which measures the prices of a representative basket of goods and services purchased by a typical household. The consumer price index is usually calculated on the basis of periodic surveys of consumer prices. Other price indices are derived implicitly from indexes of current and constant price series.","Consumer price indexes should be interpreted with caution. The definition of a household, the basket of goods, and the geographic (urban or rural) and income group coverage of consumer price surveys can vary widely by country. In addition, weights are derived from household expenditure surveys, which, for budgetary reasons, tend to be conducted infrequently in developing countries, impairing comparability over time. Although useful for measuring consumer price inflation within a country, consumer price indexes are of less value in comparing countries.",https://datacatalog.worldbank.org/public-licenses#cc-by
